create database hospital;
use hospital;
-- Table: province_names
CREATE TABLE province_names (
    province_id   CHAR(2) PRIMARY KEY,
    province_name VARCHAR(30)
);

-- Table: doctors
CREATE TABLE doctors (
    doctor_id   INTEGER PRIMARY KEY,
    first_name  VARCHAR(30),
    last_name   VARCHAR(30),
    specialty   VARCHAR(25)
);

-- Table: patients
CREATE TABLE patients (
    patient_id   INTEGER PRIMARY KEY,
    first_name   VARCHAR(30),
    last_name    VARCHAR(30),
    gender       CHAR(1),
    birth_date   DATE,
    city         VARCHAR(30),
    province_id  CHAR(2),
    allergies    VARCHAR(80),
    height       DECIMAL(3,0),
    weight       DECIMAL(4,0),
    FOREIGN KEY (province_id) REFERENCES province_names(province_id)
);

-- Table: admissions
CREATE TABLE admissions (
    patient_id           INT,
    admission_date       DATE,
    discharge_date       DATE,
    diagnosis            VARCHAR(50),
    attending_doctor_id  INT,
    FOREIGN KEY (patient_id) REFERENCES patients(patient_id),
    FOREIGN KEY (attending_doctor_id) REFERENCES doctors(doctor_id)
);
-- insert values in province_names
INSERT INTO province_names (province_id, province_name) VALUES
('AB', 'Alberta'),
('BC', 'British Columbia'),
('MB', 'Manitoba'),
('NB', 'New Brunswick'),
('NL', 'Newfoundland and Labrador'),
('NT', 'Northwest Territories'),
('NS', 'Nova Scotia'),
('NU', 'Nunavut'),
('ON', 'Ontario'),
('PE', 'Prince Edward Island'),
('QC', 'Quebec'),
('SK', 'Saskatchewan'),
('YT', 'Yukon');

-- insert values in doctors
INSERT INTO doctors (doctor_id, first_name, last_name, specialty) VALUES
(1, 'Claude', 'Walls', 'Internist'),
(2, 'Joshua', 'Green', 'Cardiologist'),
(3, 'Miriam', 'Tregre', 'General Surgeon'),
(4, 'James', 'Russo', 'Obstetrician/Gynecologist'),
(5, 'Scott', 'Hill', 'Gastroenterologist'),
(6, 'Tasha', 'Phillips', 'Psychiatrist'),
(7, 'Hazel', 'Patterson', 'Oncologist'),
(8, 'Mickey', 'Duval', 'Pediatrician'),
(9, 'Jon', 'Nelson', 'Neurologist'),
(10, 'Monica', 'Singleton', 'Orthopaedic Surgeon'),
(11, 'Douglas', 'Brooks', 'Respirologist'),
(12, 'Flora', 'Moore', 'Cardiovascular Surgeon'),
(13, 'Angelica', 'Noe', 'Nuclear Medicine'),
(14, 'Tyrone', 'Smart', 'Gerontologist'),
(15, 'Marie', 'Brinkman', 'Urologist'),
(16, 'Irene', 'Brooks', 'Gastroenterologist'),
(17, 'Mary', 'Walker', 'Nuclear Medicine'),
(18, 'Bobbi', 'Estrada', 'Gerontologist'),
(19, 'Stephanie', 'Cohen', 'Oncologist'),
(20, 'Ralph', 'Wilson', 'General Surgeon'),
(21, 'Lisa', 'Cuddy', 'Obstetrician/Gynecologist'),
(22, 'Simon', 'Santiago', 'Cardiologist'),
(23, 'Heather', 'Beck', 'Pediatrician'),
(24, 'Jenny', 'Pulaski', 'Neurologist'),
(25, 'Jeanette', 'Sites', 'Psychiatrist'),
(26, 'Larry', 'Miller', 'Cardiovascular Surgeon'),
(27, 'Donna', 'Greenwood', 'Respirologist');

-- insert values in admissions
INSERT INTO admissions (patient_id, admission_date, discharge_date, diagnosis, attending_doctor_id) VALUES
(1, '2018-11-06', '2018-11-08', 'Ovarian Dermoid-Cyct', 21),
(1, '2018-09-20', '2018-09-20', 'Ineffective Breathin Pattern R/T Fluid Accumulatio', 24),
(3, '2019-01-24', '2019-01-29', 'Cardiac Arrest', 2),
(3, '2018-10-21', '2018-10-27', 'Congestive Heart Failure', 8),
(6, '2018-06-13', '2018-06-15', 'Asthma Exacerbation', 3),
(6, '2018-11-08', '2018-11-09', 'Uterine Fibroid', 22),
(7, '2018-06-24', '2018-07-03', 'Cancer', 8),
(8, '2018-09-18', '2018-09-21', 'Amigima', 6),
(9, '2019-03-02', '2019-03-09', 'Osteoarthritis', 8),
(9, '2018-12-31', '2018-12-31', 'Ruptured Appendicitis', 19),
(10, '2018-12-30', '2019-01-05', 'Zenkers Diverticulitis', 14),
(10, '2019-02-27', '2019-02-27', 'Lower Quadrant Pain', 27),
(11, '2018-12-14', '2018-12-16', 'Prostatectomy', 15),
(12, '2019-04-27', '2019-05-04', 'Cerebral Aneurysm Rupture', 21),
(13, '2019-04-28', '2019-05-01', 'Renal Failure', 1),
(15, '2018-10-01', '2018-10-05', 'Hiatal Hernia', 5),
(16, '2019-01-10', '2019-01-14', 'Pyloric Obstruction', 6),
(16, '2019-04-04', '2019-04-13', 'Schizophrenic Disorder', 12),
(17, '2019-03-04', '2019-03-04', 'Diabetes Mellitus', 9),
(17, '2018-12-12', '2018-12-14', 'Fractured Femur', 2),
(18, '2018-07-02', '2018-07-05', 'Spinal Infection', 3),
(18, '2019-04-25', '2019-05-04', '40 Weeks Pregnant', 10),
(20, '2019-01-30', '2019-02-04', 'Essential Hypertension', 15),
(21, '2018-06-07', '2018-06-10', 'Exploratory, Orthoscopic - Knee', 12),
(21, '2018-11-19', '2018-11-27', 'Emphysema', 12),
(22, '2018-07-17', '2018-07-20', 'Pregnancy', 8),
(22, '2018-11-04', '2018-11-07', 'Congestive Heart Failure', 13),
(23, '2019-04-07', '2019-04-15', 'Ca. Of Blatter', 26),
(23, '2019-01-18', '2019-01-22', 'Enlarged Bunion On Left Primary Metaarsal', 4),
(24, '2019-03-18', '2019-03-22', 'Bipolar Affective Disorder', 21),
(24, '2019-05-04', '2019-05-10', 'Anterior MI', 1),
(27, '2018-09-10', '2018-09-12', 'Amigima', 12),
(28, '2019-03-30', '2019-03-30', 'Cancer Of The Stomach', 26),
(29, '2019-01-12', '2019-01-14', 'Anterior MI', 4),
(31, '2018-09-26', '2018-09-26', 'Cardiovascular Disease', 19),
(32, '2019-05-18', '2019-05-23', 'Stroke (CVA)', 22),
(32, '2018-10-02', '2018-10-11', 'Stomache Pain', 12),
(33, '2019-05-31', '2019-06-01', 'Myocardial Infarction', 14),
(34, '2018-12-06', '2018-12-07', 'Bladder Tomour', 11),
(34, '2018-12-24', '2018-12-26', 'Fracture Right Distal Radius (Colles Fracture)', 17),
(35, '2018-11-29', '2018-12-02', 'Myocardial Infarction', 7),
(35, '2019-06-05', '1971-01-05', 'Possible Renal Calculi', 8),
(36, '2019-05-08', '2019-05-12', 'Lung Cancer (Rt. Lung)', 20),
(37, '2019-03-09', '2019-03-18', 'Basal Skull Fracture', 27),
(37, '2018-11-08', '2018-11-10', 'Rt. Nephrectomy', 3),
(38, '2018-11-25', '2018-11-27', 'Chronic Obstructive Pulmonary Disease', 6),
(39, '2019-03-13', '2019-03-22', 'Fibroids', 12),
(39, '2019-01-17', '2019-01-18', 'Peptic Ulcer', 12),
(40, '2018-12-03', '2018-12-04', 'Appendicitis', 13),
(40, '2018-09-04', '2018-09-12', 'Spinal Compresion', 5),
(41, '2018-06-13', '2018-06-21', 'Chest Pain', 20),
(45, '2018-11-15', '2018-11-23', 'Post Partum Hemmorage', 6),
(46, '2019-01-01', '2019-01-06', 'Caeserian Section', 15),
(46, '2018-06-08', '2018-06-16', 'Severe Substernal Pain Radiating To Left Shoulder', 22),
(47, '2019-02-02', '2019-02-08', 'Appendicitis', 3),
(48, '2018-08-15', '2018-08-18', 'Pneumonia', 11),
(49, '2018-06-24', '2018-06-30', 'Unable To Void.', 7),
(51, '2018-07-16', '2018-07-18', 'Undiagnosed Chest Pain', 1),
(51, '2018-11-05', '2018-11-11', 'Hysterectomy', 14),
(52, '2019-05-10', '2019-05-14', 'Prostatectomy', 14),
(53, '2018-10-24', '2018-10-24', 'Urinary Tract Infection', 8),
(53, '2018-11-17', '2018-11-22', 'Pyelonephritis', 2),
(54, '2018-10-31', '2018-11-03', 'Diabetes', 21),
(54, '2019-04-07', '2019-04-07', 'Hypertension', 21),
(56, '2018-12-11', '2018-12-13', 'Abdominal Perineal Resection', 25),
(56, '2018-10-07', '2018-10-16', 'Cardiovascular Disease', 26),
(58, '2018-11-12', '2018-11-15', 'Cardiovascular Disease', 14),
(59, '2018-11-08', '2018-11-15', 'Birth By Caeserian Section', 18),
(60, '2018-09-12', '2018-09-13', 'Impaired Gas Exchange', 2),
(60, '2019-03-17', '2019-03-18', 'Kock Pouch Urinary Diversion', 25),
(61, '2018-09-02', '2018-09-05', 'Cva (Left) - Cerebral Vascular Accident (Stroke)', 20),
(61, '2018-11-16', '2018-11-19', 'Chronic Bronchitis', 16),
(62, '2018-10-15', '2018-10-19', 'Manic Depression', 14),
(62, '2018-12-11', '2018-12-16', 'Rheumataoid Arthritis', 2),
(63, '2018-08-28', '2018-08-31', 'Really Sick', 21),
(64, '2019-05-05', '2019-05-14', 'Unable To Void.', 17),
(66, '2019-05-10', '2019-05-14', 'Diabetes Mellitus', 17),
(67, '2018-10-20', '2018-10-29', 'Pregnancy', 15),
(67, '2019-02-09', '2019-02-15', 'Ovarian Cancer', 21),
(68, '2018-12-02', '2018-12-07', 'Diabetes Mellitus', 12),
(68, '2018-11-05', '2018-11-09', 'Pregnancy', 11),
(69, '2019-05-02', '2019-05-08', 'Asthma', 12),
(70, '2018-07-17', '2018-07-17', 'Migraine', 20),
(71, '2018-08-07', '2018-08-11', 'Post Partum Hemmorage', 10),
(71, '2018-11-21', '2018-11-27', 'Bronchiolitis', 20),
(73, '2019-01-24', '2019-01-27', 'Ovarian Cancer', 6),
(73, '2019-03-09', '2019-03-15', 'Lung Cancer', 17),
(74, '2018-11-04', '2018-11-06', 'Fractured Right Femur (Compound)', 25),
(75, '2018-10-13', '2018-10-22', 'Headache', 7),
(76, '2018-09-25', '2018-10-03', 'Appendicitis', 11),
(76, '2019-01-12', '2019-01-20', 'Pain In Abdomen Left Side', 23),
(77, '2018-06-18', '2018-06-26', 'Head Injury M.V.A.', 18),
(77, '2018-10-25', '2018-11-02', 'Asthma', 2),
(78, '2018-06-17', '2018-06-17', 'Hypertension', 17),
(79, '2019-02-19', '2019-02-22', 'Hypertension', 10),
(79, '2019-02-28', '2019-03-05', '3rd Degree Burn', 27),
(81, '2018-12-07', '2018-12-11', 'Angina Pectoris', 27),
(81, '2019-04-27', '2019-05-03', 'Repair Stab Wound', 22),
(82, '2019-01-06', '2019-01-07', 'L4-Lf Spinal Fusion', 9),
(83, '2019-05-13', '2019-05-17', 'Enlarged Bunion On Left Primary Metaarsal', 26),
(84, '2019-01-12', '2019-01-14', 'Endometriosis', 18),
(84, '2019-01-02', '2019-01-07', 'Anterior Myocardial Infraction', 2),
(86, '2019-05-21', '2019-05-27', 'Pregnancy', 14),
(87, '2019-02-05', '2019-02-07', 'Uterine Fibroid', 11),
(87, '2019-04-11', '2019-04-15', 'Pneumonia', 15),
(88, '2018-07-04', '2018-07-06', 'Enlarged Bunion On Left Primary Metaarsal', 26),
(88, '2019-02-07', '2019-02-16', 'Emphysema', 15),
(90, '2018-06-27', '2018-07-01', 'Cancer', 11),
(91, '2018-08-30', '2018-08-30', 'Congestive Heart Failure', 3),
(91, '2019-03-15', '2019-03-18', 'Emphysema', 13),
(92, '2018-08-05', '2018-08-13', 'Fractured Femur', 7),
(92, '2019-01-03', '2019-01-03', 'Osteo Arthtitis Knee', 5),
(93, '2018-11-18', '2018-11-27', 'Crohns Disease', 11),
(93, '2019-05-20', '2019-05-20', 'Left Creebral Vascular Accident', 12),
(94, '2018-06-16', '2018-06-18', 'Left Shoulder Rotator Cuff Repair', 22),
(97, '2018-07-07', '2018-07-16', 'Ovarian Cancer', 24),
(98, '2019-04-10', '2019-04-17', 'Pregnancy', 25),
(98, '2018-12-15', '2018-12-22', 'Birth By Caeserian Section', 5),
(100, '2018-12-04', '2018-12-13', 'Depression, Dementia', 22),
(100, '2018-11-06', '2018-11-14', 'Respiratory Failure', 21),
(101, '2019-05-17', '2019-05-26', 'Stroke (CVA)', 8),
(102, '2018-10-28', '2018-11-02', 'Melanoma, Cancer', 3),
(103, '2019-02-13', '2019-02-22', 'Ovarian Cyst', 22),
(103, '2018-11-04', '2018-11-10', 'Basal Skull Fracture', 2),
(104, '2019-01-02', '2019-01-10', 'Abdominal Pain', 25),
(105, '2018-10-04', '2018-10-06', 'Pneumonia', 6),
(106, '2018-06-26', '2018-06-29', 'Dislocated R/Shoulder Broke L/Leg R/T Car Acc', 2),
(108, '2019-05-20', '2019-05-28', 'Decubitus Ulcer', 15),
(108, '2019-03-17', '2019-03-19', 'Unstable Angina', 12),
(110, '2019-02-18', '2019-02-18', 'Biliary Colic', 14),
(110, '2019-04-08', '2019-04-17', 'Lumbar Disc Protrusion', 23),
(111, '2019-02-18', '2019-02-22', 'Total Hysterectomy', 1),
(111, '2018-08-25', '2018-08-25', 'Subdural Hematoma', 27),
(112, '2018-09-25', '2018-10-03', 'Amyotopic Lateral Scletosis', 5),
(112, '2018-07-11', '2018-07-13', 'Obsessive - Compulsive Order', 23),
(113, '2018-10-21', '2018-10-21', '2nd & 3rd Degree Burns To Right Arm / Both Legs', 13),
(114, '2019-02-11', '2019-02-11', 'MVA HI', 26),
(115, '2019-01-06', '2019-01-13', 'Myocardial Infarction', 11),
(115, '2018-08-21', '2018-08-29', 'CHF', 12),
(117, '2018-07-10', '2018-07-15', 'Myocardial Infarction', 17),
(118, '2018-08-27', '2018-09-04', 'Anterior MI', 25),
(119, '2018-08-09', '2018-08-10', 'Renal Failure', 12),
(119, '2018-08-05', '2018-08-14', 'Colorectal Cancer', 18),
(120, '2019-04-05', '2019-04-13', 'Migraine', 7),
(120, '2018-10-04', '2018-10-04', 'Uterine Fibroid', 26),
(121, '2018-09-05', '2018-09-13', 'Anterior Myocardial Infraction', 10),
(122, '2018-06-26', '2018-06-28', 'Cerebrovascular Accident (Stroke)', 9),
(123, '2019-03-30', '2019-03-30', 'Pregnancy', 6),
(123, '2018-07-09', '2018-07-11', 'Back Injury', 21),
(124, '2019-02-26', '2019-03-06', 'Zenkers Diverticulitis', 13),
(125, '2019-05-16', '2019-05-24', 'Labour', 20),
(125, '2018-10-30', '2018-11-03', 'Myocardial Infarction (MI)', 13),
(126, '2018-08-20', '2018-08-24', 'Rheumataoid Arthritis', 4),
(126, '2018-12-06', '2018-12-15', 'Paranoid Schizophrenic', 5),
(127, '2019-05-01', '2019-05-07', 'Chest Infection', 19),
(128, '2018-08-03', '2018-08-12', 'Prostatectomy', 5),
(128, '2018-07-31', '2018-08-07', 'Hunting Disease', 16),
(129, '2019-02-06', '2019-02-08', 'Pain In Abdomen Left Side', 7),
(129, '2019-04-02', '2019-04-07', 'Pregnant', 11),
(130, '2019-05-19', '2019-05-28', 'Cancer', 19),
(131, '2019-03-04', '2019-03-12', 'Hypoglycemia', 13),
(131, '2018-06-07', '2018-06-07', 'Amyotopic Lateral Scletosis', 20),
(132, '2018-07-03', '2018-07-03', 'Appendicitis', 2),
(133, '2019-04-03', '2019-04-12', 'Ovarian Dermoid-Cyct', 2),
(133, '2018-07-20', '2018-07-21', 'Congestive Heart Failure', 26),
(135, '2019-04-06', '2019-04-12', 'Caeserian Section', 21),
(137, '2018-10-26', '2018-10-27', 'Pregnancy', 23),
(137, '2019-04-30', '2019-05-06', 'Pregnancy', 13),
(139, '2018-10-25', '2018-10-28', 'Pyclonephritis', 18),
(143, '2018-09-13', '2018-09-15', 'Ca R Breast', 26),
(145, '2018-09-12', '2018-09-21', 'Pregnant', 25),
(145, '2018-10-30', '2018-10-30', 'Rll Pneumonia', 20),
(147, '2018-06-14', '2018-06-21', 'Congestive Heart Failure', 19),
(147, '2019-03-09', '2019-03-13', 'Pregnancy', 18),
(148, '2018-10-03', '2018-10-12', 'Myocardial Infarction', 15),
(148, '2018-12-07', '2018-12-11', 'Fractured L. Tibia', 17),
(150, '2018-12-01', '2018-12-03', 'Osteomyslitis - Right Hip', 14),
(150, '2018-07-31', '2018-08-02', 'Manic Depression', 12),
(151, '2019-05-18', '2019-05-26', 'Fractured Left Hip', 14),
(151, '2019-01-23', '2019-01-23', 'Broken Hip', 27),
(152, '2018-11-10', '2018-11-11', 'Fractured Hip', 6),
(154, '2019-04-17', '2019-04-24', 'Pain In Abdomen Left Side', 24),
(154, '2018-12-22', '2018-12-27', 'Latent Phase Of First Stage Labour', 4),
(155, '2018-07-25', '2018-07-27', 'Multiple Sclerosis', 2),
(156, '2018-09-11', '2018-09-11', 'Scatica', 11),
(156, '2019-01-04', '2019-01-06', 'Cva-Right-Sided-Weakness', 20),
(158, '2018-09-22', '2018-09-24', 'Fractured Right Humeral Head', 21),
(159, '2018-10-06', '2018-10-14', 'Cleft Palate And Complete Unilateral Cleft Up', 9),
(159, '2018-11-16', '2018-11-16', 'Fractured Left Leg', 13),
(160, '2018-06-09', '2018-06-18', 'Dementia', 24),
(161, '2018-08-02', '2018-08-10', 'Asthma', 12),
(162, '2018-11-03', '2018-11-06', 'Unstable Angina', 15),
(163, '2018-06-11', '2018-06-14', 'Ulcerative Colitis', 27),
(164, '2018-06-30', '2018-07-04', 'Cervical Spinal Tumor', 9),
(164, '2018-12-17', '2018-12-21', '40 Weeks Pregnant', 2),
(165, '2018-08-03', '2018-08-10', '3rd Degree Burn To Face', 6),
(166, '2018-08-04', '2018-08-10', 'Immobility R/T Pain And Swelling R Ankle', 2),
(168, '2018-10-08', '2018-10-17', 'Birth By Caeserian Section', 15),
(168, '2018-07-11', '2018-07-17', 'Congestive Heart Failure', 5),
(170, '2018-11-08', '2018-11-11', 'Bladder Cancer', 21),
(170, '2018-10-12', '2018-10-20', 'Asthma', 13),
(171, '2019-03-11', '2019-03-16', 'Cancer Of The Stomach', 2),
(171, '2019-03-05', '2019-03-11', 'Angina', 18),
(172, '2019-01-26', '2019-01-31', 'Appendicitis', 11),
(172, '2019-05-07', '2019-05-10', 'Osteoarthritis', 1),
(173, '2018-10-19', '2018-10-24', 'Interstitial, Pulmonary Edema', 4),
(174, '2019-03-15', '2019-03-19', 'Spinal Infection', 20),
(176, '2018-08-25', '2018-08-26', 'Labour', 17),
(177, '2018-08-09', '2018-08-12', 'Amigima', 19),
(177, '2019-03-15', '2019-03-23', 'Paranoid Schizophrenia', 4),
(178, '2018-10-30', '2018-11-03', 'Dementia', 17),
(179, '2018-07-07', '2018-07-11', 'Myocardial Infarction', 27),
(179, '2018-12-27', '2019-01-03', 'Pregnancy', 7),
(180, '2019-01-13', '2019-01-20', 'Dehydradion, Vomiting', 25),
(182, '2018-10-31', '2018-11-09', 'Crohns Disease', 20),
(183, '2019-02-01', '2019-02-10', 'Pneumonia', 6),
(185, '2019-02-28', '2019-03-02', 'Pregnant', 21),
(186, '2019-02-13', '2019-02-21', 'Pregnancy', 18),
(191, '2019-01-15', '2019-01-21', 'Cerebrovascular Accident (Stroke)', 7),
(191, '2019-05-24', '2019-05-31', 'Severe Pain + Tenderness In Left Calf', 20),
(193, '2019-05-04', '2019-05-09', 'Alt. In Emotional Integrity - Anxiety', 10),
(194, '2019-02-12', '2019-02-18', 'Fractured L. Tibia', 23),
(197, '2018-09-01', '2018-09-03', 'Fractured Right Humeral Head', 14),
(197, '2019-02-16', '2019-02-20', 'Appendicitis', 10),
(199, '2018-12-25', '2019-01-01', 'CHF', 14),
(200, '2019-04-23', '2019-04-30', 'Diabetes Mellitus', 7),
(201, '2018-11-08', '2018-11-17', 'Anorexia Nervosa', 16),
(201, '2019-03-15', '2019-03-23', 'Stress Incotinence', 15),
(202, '2018-12-15', '2018-12-15', 'Headache', 1),
(202, '2018-08-08', '2018-08-08', 'Chest Pain', 19),
(205, '2019-01-31', '2019-02-07', '3rd Degree Burn', 5),
(206, '2018-09-03', '2018-09-08', 'Stomach Ulcer', 25),
(207, '2018-06-18', '2018-06-25', 'Dementia', 10),
(207, '2018-09-04', '2018-09-10', 'Atrial Fibrillation R/O MI', 4),
(208, '2018-11-03', '2018-11-03', 'Turp', 22),
(208, '2018-09-26', '2018-10-01', 'Head Injury M.V.A.', 4),
(209, '2018-06-11', '2018-06-14', 'Atrial Fibrillation R/O MI', 22),
(209, '2019-02-24', '2019-02-24', 'Injury Lt Patella Inferior', 22),
(210, '2018-10-08', '2018-10-09', 'Multiple Fractures Of R Scapula. Insertion Of Pins', 22),
(210, '2018-12-16', '2018-12-19', 'Fractured Femur', 9),
(211, '2019-01-24', '2019-01-26', 'MI', 12),
(212, '2018-06-20', '2018-06-21', 'Myocardial Infarction', 7),
(212, '2019-04-29', '2019-05-03', 'Cardiovascular Disease', 14),
(213, '2018-10-23', '2018-10-31', 'Appendicitis', 4),
(213, '2019-04-20', '2019-04-21', 'Coronary Artery Disease', 8),
(215, '2019-01-14', '2019-01-17', '2nd & 3rd Degree Burns To Right Arm / Both Legs', 23),
(215, '2018-09-12', '2018-09-14', 'Osteoarthritis Right Knee', 20),
(216, '2018-07-02', '2018-07-04', 'Rul Pneumonia', 3),
(216, '2019-05-30', '2019-06-01', 'Fractured Skull', 24),
(221, '2018-08-10', '2018-08-16', 'Fractured Left Leg', 27),
(222, '2019-01-04', '2019-01-07', 'Basal Skull Fracture', 24),
(223, '2018-06-24', '2018-07-02', 'Subarachroid Hemorrhage', 13),
(223, '2018-10-14', '2018-10-18', 'Congestive Heart Failure', 23),
(224, '2018-06-14', '2018-06-14', 'Bronchiolitis', 11),
(224, '2019-04-20', '2019-04-23', 'Left Lobar Pneumonia', 26),
(226, '2019-01-03', '2019-01-03', 'Hypertension', 13),
(227, '2018-10-26', '2018-10-27', 'Crohns Disease', 19),
(227, '2018-07-11', '2018-07-18', 'Breast Cancer', 23),
(228, '2018-12-18', '2018-12-18', 'Fibromyalgia', 1),
(228, '2018-09-09', '2018-09-14', 'Fractured Left Hip', 9),
(229, '2018-12-30', '2019-01-02', '2nd Degree Burn Of Face', 8),
(230, '2019-05-31', '1971-01-05', 'Rul Pneumonia', 2),
(230, '2018-10-03', '2018-10-09', 'Congestive Heart Failure', 2),
(231, '2019-03-12', '2019-03-14', 'Fracture Of Left Femur', 24),
(232, '2019-02-22', '2019-02-25', 'Chest Pain', 15),
(232, '2019-03-26', '2019-03-26', 'Chronic Obstructive Pulmonary Disease', 23),
(234, '2019-03-04', '2019-03-08', 'Dislocated R/Shoulder Broke L/Leg R/T Car Acc', 17),
(234, '2018-08-19', '2018-08-22', 'Broken Hip', 20),
(235, '2019-02-25', '2019-02-28', 'Congestive Heart Failure', 7),
(236, '2019-06-02', '1971-01-05', 'Pneumonia', 6),
(236, '2019-05-15', '2019-05-24', 'Schizophrenic Disorder', 27),
(237, '2019-04-17', '2019-04-26', 'Diabetes Mellitus', 5),
(237, '2018-11-24', '2018-11-29', 'Chronic Caugh Disease', 22),
(240, '2019-04-07', '2019-04-16', 'Hallecinations', 3),
(240, '2018-09-27', '2018-10-06', 'Parkinsons Disease', 2),
(241, '2018-10-21', '2018-10-21', 'Pain In Abdomen Left Side', 25),
(241, '2018-12-23', '2019-01-01', 'Dehydration', 24),
(242, '2018-07-10', '2018-07-18', 'Congestive Heart Failure', 24),
(242, '2018-11-24', '2018-11-30', 'Pregnancy', 8),
(243, '2019-01-12', '2019-01-16', 'Diabetes Mellitus', 21),
(243, '2019-03-03', '2019-03-11', 'Congestive Heart Failure', 10),
(244, '2018-09-17', '2018-09-25', 'Fracture Right Distal Radius (Colles Fracture)', 16),
(245, '2019-02-09', '2019-02-12', 'Spinal Infection', 20),
(245, '2018-09-04', '2018-09-08', 'Prostate Cancer', 17),
(246, '2019-03-31', '2019-04-07', 'Breast Cancer', 10),
(247, '2019-01-01', '2019-01-04', 'Ruptured Appendicitis', 11),
(247, '2018-06-10', '2018-06-14', 'Paranoid Schizophrenic', 8),
(248, '2018-11-19', '2018-11-25', 'Atrial Arrhythmias', 19),
(248, '2018-09-16', '2018-09-20', 'Biliary Colic', 24),
(249, '2019-01-01', '2019-01-05', 'Acute Lower Abdominal Right-Sided Pain', 8),
(249, '2018-10-23', '2018-11-01', 'Pyclonephritis', 18),
(250, '2018-06-11', '2018-06-20', 'Profound Depression', 15),
(251, '2019-01-26', '2019-01-30', 'Child Birth', 23),
(251, '2019-01-18', '2019-01-26', 'Acute Lower Abdominal Right-Sided Pain', 5),
(252, '2018-08-28', '2018-08-31', 'Abdominal Pain', 10),
(253, '2018-12-13', '2018-12-14', 'Abdominal Perineal Resection', 23),
(253, '2019-03-09', '2019-03-15', 'Ovarian Cancer', 16),
(254, '2019-01-26', '2019-01-31', 'Coronary Artary Disease / Lt Sided Weakness', 17),
(254, '2018-07-09', '2018-07-17', 'Lung Cancer', 19),
(256, '2018-07-24', '2018-07-27', 'Cystocele/Stress Incontinence', 19);

-- insert values in patients
INSERT INTO patients (patient_id, first_name, last_name, gender, birth_date, city, province_id, allergies, height, weight) VALUES
(1, 'Donald', 'Waterfield', 'M', '1963-02-12', 'Barrie', 'ON', NULL, 156, 65),
(2, 'Mickey', 'Baasha', 'M', '1981-05-28', 'Dundas', 'ON', 'Sulfa', 185, 76),
(3, 'Jiji', 'Sharma', 'M', '1957-09-05', 'Hamilton', 'ON', 'Penicillin', 194, 106),
(4, 'Blair', 'Diaz', 'M', '1967-01-07', 'Hamilton', 'ON', NULL, 191, 104),
(5, 'Charles', 'Wolfe', 'M', '2017-11-19', 'Orillia', 'ON', 'Penicillin', 47, 10),
(6, 'Sue', 'Falcon', 'F', '2017-09-30', 'Ajax', 'ON', 'Penicillin', 43, 5),
(7, 'Thomas', 'ONeill', 'M', '1993-01-31', 'Burlington', 'ON', NULL, 180, 117),
(8, 'Sonny', 'Beckett', 'M', '1952-12-11', 'Port Hawkesbury', 'NS', NULL, 174, 105),
(9, 'Sister', 'Spitzer', 'F', '1966-10-15', 'Toronto', 'ON', 'Penicillin', 173, 95),
(10, 'Cedric', 'Coltrane', 'M', '1961-11-10', 'Toronto', 'ON', NULL, 157, 61),
(11, 'Hank', 'Spencer', 'M', '1969-08-10', 'Peterborough', 'ON', NULL, 158, 74),
(12, 'Sara', 'di Marco', 'F', '1949-04-29', 'Hamilton', 'ON', NULL, 145, 46),
(13, 'Daphne', 'Seabright', 'F', '1954-11-18', 'Ancaster', 'ON', 'Codeine', 146, 77),
(14, 'Rick', 'Bennett', 'M', '1977-01-27', 'Ancaster', 'ON', 'Penicillin', 220, 95),
(15, 'Amy', 'Leela', 'F', '1977-06-25', 'Hamilton', 'ON', NULL, 172, 72),
(16, 'Woody', 'Bashir', 'M', '1951-11-15', 'Barrie', 'ON', 'Penicillin', 153, 59),
(17, 'Tom', 'Halliwell', 'M', '1987-08-01', 'Hamilton', 'ON', 'Ragweed', 179, 114),
(18, 'Rachel', 'Winterbourne', 'F', '1966-04-26', 'Hamilton', 'ON', NULL, 163, 95),
(19, 'John', 'West', 'M', '1961-06-19', 'Oakville', 'ON', NULL, 138, 61),
(20, 'Jon', 'Doggett', 'M', '1951-12-25', 'Hamilton', 'ON', NULL, 194, 116),
(21, 'Angel', 'Edwards', 'F', '1975-08-22', 'Brantford', 'ON', NULL, 176, 106),
(22, 'Brodie', 'Beck', 'F', '1975-08-01', 'Carlisle', 'ON', NULL, 157, 66),
(23, 'Beanie', 'Foster', 'F', '1998-11-22', 'Ancaster', 'ON', 'Sulfa', 154, 75),
(24, 'Nino', 'Andrews', 'M', '2001-04-21', 'Hamilton', 'ON', 'Peanuts', 186, 85),
(25, 'John', 'Farley', 'M', '1956-09-12', 'Hamilton', 'ON', 'Gluten', 213, 104),
(26, 'Nea', 'Kobayakawa', 'F', '1995-10-18', 'Toronto', 'ON', NULL, 147, 62),
(27, 'Laura', 'Halliwell', 'F', '1964-11-26', 'Brantford', 'ON', NULL, 146, 76),
(28, 'Lucille', 'Maureen', 'F', '1953-08-22', 'Hamilton', 'ON', NULL, 184, 87),
(29, 'Jim', 'Thomas', 'M', '1986-02-17', 'Ottawa', 'ON', 'Penicillin', 173, 70),
(30, 'Roderick', 'Payne', 'M', '2015-03-22', 'Halifax', 'NS', NULL, 58, 17),
(31, 'Sam', 'Threep', 'M', '1982-06-16', 'Hamilton', 'ON', 'Sulpha', 199, 141),
(32, 'Bertha', 'Crowley', 'F', '2009-03-14', 'Delhi', 'ON', NULL, 125, 39),
(33, 'Roland', 'Edge', 'M', '1967-09-25', 'Brantford', 'ON', 'Peanut Oil', 199, 134),
(34, 'Don', 'Wiggum', 'M', '2002-11-15', 'Hamilton', 'ON', NULL, 189, 91),
(35, 'Anthony', 'Maxwell', 'M', '2011-02-11', 'Oakville', 'ON', NULL, 92, 37),
(36, 'James', 'Sullivan', 'M', '1974-01-25', 'Delhi', 'ON', 'Topical Anaesthesia', 139, 68),
(37, 'Anne', 'Marlowe', 'F', '1996-09-17', 'Pickering', 'ON', NULL, 165, 88),
(38, 'Kelly', 'Hamilton', 'F', '2010-09-29', 'Stoney Creek', 'ON', 'Penicillin', 84, 36),
(39, 'Charles', 'Andonuts', 'M', '2016-05-20', 'Hamilton', 'ON', NULL, 62, 15),
(40, 'Temple', 'Russert', 'F', '1953-05-11', 'Hamilton', 'ON', 'Hay Fever', 166, 102),
(41, 'Don', 'Edwards', 'M', '1975-07-02', 'Hamilton', 'ON', NULL, 215, 118),
(42, 'Alice', 'Donovan', 'F', '1949-06-27', 'Hamilton', 'ON', 'Penicillin', 167, 54),
(43, 'Stone', 'Cutting', 'M', '2010-09-24', 'Hamilton', 'ON', 'Codeine', 110, 42),
(44, 'Neil', 'Allan', 'M', '1975-02-02', 'Cambridge', 'ON', 'Penicillin', 203, 123),
(45, 'Cross', 'Gordon', 'M', '2009-03-20', 'Ancaster', 'ON', NULL, 125, 53),
(46, 'Phoebe', 'Bigelow', 'F', '2002-03-17', 'Thunder Bay', 'ON', 'Penicillin', 183, 64),
(47, 'Harry', 'Kuramitsu', 'M', '1979-12-03', 'Hamilton', 'ON', NULL, 215, 95),
(48, 'Gary', 'Ramotswe', 'M', '1977-07-31', 'Hamilton', 'ON', NULL, 178, 101),
(49, 'Phil', 'Chester', 'M', '1990-09-25', 'Hamilton', 'ON', 'Penicillin', 199, 112),
(50, 'Phil', 'Beckett', 'M', '2014-10-11', 'Ottawa', 'ON', NULL, 83, 26),
(51, 'Gala', 'Littlefield', 'F', '2009-06-20', 'Brantford', 'ON', NULL, 112, 41),
(52, 'Gregory', 'James', 'M', '1986-08-17', 'Hamilton', 'ON', NULL, 195, 135),
(53, 'Bruno', 'Wolfe', 'M', '1998-01-15', 'Ottawa', 'ON', 'Sulfa', 145, 70),
(54, 'Molly', 'Jackson', 'F', '1985-05-04', 'Carlisle', 'ON', NULL, 159, 48),
(55, 'Rose', 'Spellman', 'F', '1957-05-31', 'Hamilton', 'ON', NULL, 164, 59),
(56, 'Will', 'Manu', 'M', '1960-08-25', 'Burlington', 'ON', NULL, 154, 69),
(57, 'Woody', 'Riviera', 'M', '1990-07-10', 'Kingston', 'ON', 'Penicillin', 192, 109),
(58, 'Georgette', 'Gallagher', 'F', '1975-12-06', 'Elmira', 'ON', 'Ragweed', 170, 93),
(59, 'Rocky', 'Donahue', 'M', '1953-04-16', 'Hamilton', 'ON', NULL, 190, 110),
(60, 'Roland', 'Murphy', 'M', '1974-05-19', 'Hamilton', 'ON', 'Sulfa Drugs', 153, 71),
(61, 'Mary', 'Spellman', 'F', '1988-03-08', 'Stoney Creek', 'ON', NULL, 178, 92),
(62, 'Shiro', 'Whale', 'M', '1995-01-16', 'Hamilton', 'ON', 'Penicillin', 195, 117),
(63, 'Calleigh', 'Dean', 'F', '2003-07-06', 'Hamilton', 'ON', 'Penicillin', 175, 56),
(64, 'Didi', 'Dean', 'F', '1957-11-13', 'Milton', 'ON', NULL, 182, 110),
(65, 'Haiku', 'Alpert', 'M', '2014-08-05', 'Paris', 'ON', 'Penicillin', 69, 22),
(66, 'Joseph', 'Justin', 'M', '1953-10-21', 'Toronto', 'ON', 'Penicillin', 140, 71),
(67, 'Catherine', 'Minoru', 'F', '1997-02-25', 'Victoria', 'BC', 'Sulphur', 184, 100),
(68, 'Danny', 'Hardbroom', 'M', '1985-05-11', 'Niagara Falls', 'ON', 'Penicillin', 183, 105),
(69, 'Lily', 'Crusher', 'F', '1954-03-17', 'Burlington', 'ON', NULL, 185, 82),
(70, 'Billy', 'Jones', 'M', '2013-09-26', 'Hamilton', 'ON', NULL, 85, 29),
(71, 'Vicki', 'Babbling', 'F', '2003-08-10', 'Stoney Creek', 'ON', NULL, 180, 64),
(72, 'Lily', 'Vargas', 'F', '1923-05-02', 'Hamilton', 'ON', 'Codeine', 195, 102),
(73, 'Agatha', 'Sawyer', 'F', '1991-02-21', 'Ancaster', 'ON', 'Penicillin', 155, 83),
(74, 'Temple', 'Marlowe', 'F', '1982-02-01', 'Hamilton', 'ON', NULL, 135, 65),
(75, 'Kazuki', 'Ranall', 'M', '1989-04-19', 'Hamilton', 'ON', 'Penicillin', 139, 63),
(76, 'Jackie', 'Lovegood', 'F', '1983-07-05', 'Hamilton', 'ON', NULL, 157, 56),
(77, 'Mike', 'Mars', 'M', '2009-07-15', 'Hamilton', 'ON', 'Penicillin', 123, 46),
(78, 'Natsumi', 'Weasley', 'F', '1950-08-19', 'Thunder Bay', 'ON', 'Valporic Acid', 157, 66),
(79, 'Reginald', 'Jackson', 'M', '1966-08-06', 'Toronto', 'ON', 'Penicillin', 182, 101),
(80, 'Ernest', 'Clarkson', 'M', '1962-11-22', 'Hamilton', 'ON', NULL, 163, 66),
(81, 'Gytha', 'Banzai', 'F', '2001-08-22', 'Hamilton', 'ON', NULL, 182, 75),
(82, 'Matt', 'Goergen', 'M', '1990-03-26', 'Hamilton', 'ON', 'Penicillin', 130, 66),
(83, 'Nick', 'Walker', 'M', '1969-07-16', 'Hamilton', 'ON', NULL, 164, 77),
(84, 'Jen', 'Jacobs', 'F', '1962-12-02', 'Hamilton', 'ON', NULL, 156, 79),
(85, 'Phoebe', 'Bell', 'F', '1975-05-06', 'Hepworth', 'ON', 'Micropore Tape', 169, 115),
(86, 'Ann', 'Blocksberg', 'F', '1996-09-05', 'Hamilton', 'ON', 'Penicillin', 162, 101),
(87, 'Frank', 'Capone', 'M', '2004-02-15', 'Hamilton', 'ON', NULL, 166, 65),
(88, 'Caroline', 'Smart', 'F', '1963-04-07', 'Hamilton', 'ON', NULL, 145, 64),
(89, 'Sam', 'Spratt', 'M', '1983-09-23', 'Hamilton', 'ON', NULL, 195, 100),
(90, 'Prue', 'Cleever', 'F', '1983-09-19', 'Odessa', 'ON', 'Sulfa Drugs', 149, 119),
(91, 'Zoe', 'Miller', 'F', '1951-12-12', 'Hamilton', 'ON', 'Honey', 184, 103),
(92, 'Mendy', 'Strate', 'M', '1956-03-29', 'Stoney Creek', 'ON', NULL, 206, 111),
(93, 'Delores', 'Bones', 'F', '2006-07-19', 'Hamilton', 'ON', NULL, 154, 50),
(94, 'Hal', 'Riviera', 'M', '1965-04-02', 'Kingston', 'ON', 'Tylenol', 194, 110),
(95, 'Gene', 'Edwards', 'M', '1965-06-06', 'Hamilton', 'ON', 'Sulphate', 199, 96),
(96, 'Jonny', 'Christian', 'M', '2003-06-26', 'Kingston', 'ON', NULL, 182, 77),
(97, 'Emmett', 'Erin', 'M', '2011-04-27', 'Hamilton', 'ON', 'Penicillin', 126, 39),
(98, 'Harry', 'Soprano', 'M', '2014-06-18', 'Beamsville', 'ON', NULL, 85, 26),
(99, 'Richard', 'Davis', 'M', '1971-08-03', 'Toronto', 'ON', NULL, 148, 75),
(100, 'Olwyn', 'Chino', 'M', '1978-09-03', 'Hamilton', 'ON', 'Tetracycline', 146, 70),
(101, 'Annie', 'Cox', 'F', '1961-01-27', 'Hamilton', 'ON', NULL, 160, 83),
(102, 'John', 'Stape', 'M', '1966-05-30', 'Hamilton', 'ON', NULL, 214, 118),
(103, 'Casanova', 'Dresden', 'M', '1987-12-20', 'Milton', 'ON', 'Penicillin', 150, 74),
(104, 'Alice', 'Taylor', 'F', '1953-01-04', 'Hamilton', 'ON', NULL, 179, 109),
(105, 'Freddie', 'Landsman', 'M', '1972-03-16', 'Brockville', 'ON', NULL, 152, 73),
(106, 'Moe', 'Provenza', 'M', '2005-11-06', 'Cambridge', 'ON', NULL, 183, 72),
(107, 'Gillian', 'Dyson', 'F', '2000-09-14', 'Hamilton', 'ON', 'Penicillin', 164, 86),
(108, 'Beanie', 'Nelson', 'M', '1993-06-11', 'Beamsville', 'ON', 'Tylenol', 162, 69),
(109, 'William', 'Templin', 'M', '1975-08-06', 'Highland', 'ON', NULL, 152, 72),
(110, 'Leyla', 'Dedede', 'F', '1981-05-06', 'Hamilton', 'ON', 'Sulfa', 166, 99),
(111, 'Joyce', 'Bosch', 'F', '2015-10-26', 'Brantford', 'ON', NULL, 65, 17),
(112, 'David', 'Beresford', 'M', '1974-10-17', 'Halifax', 'NS', NULL, 152, 87),
(113, 'Shirley', 'Havers', 'F', '1986-08-28', 'Hamilton', 'ON', NULL, 145, 66),
(114, 'Norman', 'Gregory', 'M', '2009-06-15', 'Calgary', 'ON', 'Eggs', 125, 53),
(115, 'Briareos', 'Hayes', 'M', '1918-12-12', 'Sarnia', 'ON', 'Morphine', 189, 138),
(116, 'Mable', 'Taggart', 'F', '1962-05-17', 'Hamilton', 'ON', NULL, 181, 87),
(117, 'Chen', 'Baasha', 'M', '1992-05-09', 'Cambridge', 'ON', NULL, 193, 140),
(118, 'Indiana', 'Kingsley', 'M', '1978-04-17', 'Hamilton', 'ON', 'Penicillin', 140, 67),
(119, 'Henry', 'Hernandez', 'M', '1954-03-30', 'Hamilton', 'ON', NULL, 163, 55),
(120, 'Teddy', 'McGrath', 'M', '1967-06-15', 'Hamilton', 'ON', NULL, 168, 75),
(121, 'Salvatore', 'Neutron', 'M', '1994-06-22', 'Burlington', 'ON', 'Codeine', 186, 106),
(122, 'Harry', 'Graf', 'M', '1989-05-07', 'Hamilton', 'ON', 'Penicillin', 134, 68),
(123, 'Stanley', 'Bean', 'M', '1989-11-01', 'Toronto', 'ON', NULL, 172, 75),
(124, 'Derek', 'Burbank', 'M', '1988-02-14', 'Brantford', 'ON', 'Penicillin', 203, 125),
(125, 'Nea', 'Brocklehurst', 'F', '2018-02-25', 'Hamilton', 'ON', 'Penicillin', 38, 5),
(126, 'King', 'Arden', 'M', '1981-10-13', 'Cambridge', 'ON', 'Seafood', 137, 84),
(127, 'Lyan', 'Russo', 'M', '2005-05-15', 'Toronto', 'ON', 'Tetracycline', 180, 65),
(128, 'Thomas', 'Fortune', 'M', '1950-12-14', 'Carisle', 'ON', 'Cats', 170, 114),
(129, 'Priestley', 'DAmico', 'M', '1961-11-05', 'Milton', 'ON', 'Penicillin', 152, 69),
(130, 'Arnold', 'Love', 'M', '1952-07-14', 'Toronto', 'ON', NULL, 200, 116),
(131, 'Thursday', 'Ernst', 'F', '1962-11-02', 'Whitby', 'ON', 'Sulfa', 172, 53),
(132, 'Haiku', 'Shaft', 'M', '2006-02-19', 'Barrie', 'ON', NULL, 155, 55),
(133, 'Mattie', 'Harkness', 'F', '1989-09-21', 'Timmins', 'ON', NULL, 159, 60),
(134, 'Alexandra', 'Robins', 'F', '1988-10-25', 'Burlington', 'ON', 'Sulfa', 179, 84),
(135, 'Vin', 'Smyth', 'M', '1951-02-08', 'Hamilton', 'ON', 'Codeine', 207, 113),
(136, 'Kenny', 'Skelton', 'M', '1970-05-29', 'Calgary', 'ON', NULL, 187, 118),
(137, 'Jackie', 'Dean', 'M', '1980-09-29', 'Victoria', 'BC', NULL, 136, 58),
(138, 'Fiz', 'Ozaki', 'F', '1989-09-16', 'Hamilton', 'ON', 'Penicillin', 180, 91),
(139, 'Robbie', 'Wilde', 'M', '1971-03-27', 'Burlington', 'ON', NULL, 164, 70),
(140, 'Amy', 'Fuhrey', 'F', '1979-11-11', 'Oshawa', 'ON', 'Penicillin', 148, 49),
(141, 'Lou', 'Vincent', 'M', '2007-01-28', 'Selkirk', 'ON', 'Penicillin', 143, 56),
(142, 'Elvis', 'Maroni', 'M', '1948-06-22', 'Hamilton', 'ON', 'Codeine', 139, 66),
(143, 'Mike', 'Madison', 'M', '1993-09-13', 'Carlisle', 'ON', NULL, 191, 110),
(144, 'Reginald', 'Cavor', 'M', '1986-07-24', 'Red Deer', 'AB', 'Penicillin', 163, 86),
(145, 'Kurt', 'Turtle', 'M', '1992-06-13', 'Hamilton', 'ON', NULL, 148, 68),
(146, 'Scott', 'Corinthos', 'M', '1999-11-25', 'Hamilton', 'ON', NULL, 198, 123),
(147, 'Agnes', 'Duckworth', 'F', '1979-03-29', 'Ancaster', 'ON', 'Penicillin', 178, 76),
(148, 'Keziah', 'Brearly', 'F', '1949-10-06', 'Hamilton', 'ON', 'Penicillin', 163, 102),
(149, 'David', 'Redfield', 'M', '1982-01-20', 'Burlington', 'ON', 'Dairy Products', 166, 89),
(150, 'Sonny', 'Waterman', 'M', '1987-02-13', 'Hamilton', 'ON', NULL, 173, 89),
(151, 'Jeff', 'Tyrell', 'M', '1997-07-18', 'Hamilton', 'ON', NULL, 167, 118),
(152, 'Charmian', 'Hardy', 'F', '1992-04-16', 'Hamilton', 'ON', NULL, 155, 93),
(153, 'Jefferson', 'Hally', 'M', '1954-10-22', 'Toronto', 'ON', 'Penicillin', 155, 89),
(154, 'Daneel', 'Carpenter', 'M', '1977-06-13', 'Burlington', 'ON', 'Penicillin', 185, 101),
(155, 'Kazuki', 'Scarpetta', 'M', '1989-07-13', 'Barrie', 'ON', 'Penicillin', 170, 78),
(156, 'Sarah', 'Newbury', 'F', '2013-02-13', 'Athens', 'ON', NULL, 75, 22),
(157, 'Robert', 'Page', 'M', '1966-09-28', 'Stoney Creek', 'ON', NULL, 177, 117),
(158, 'Naoto', 'Clover', 'F', '2009-08-29', 'Brantford', 'ON', 'Codeine', 120, 38),
(159, 'Noike', 'Maloney', 'F', '1988-03-13', 'Hamilton', 'ON', 'Strawberries', 147, 60),
(160, 'Miranda', 'Delacour', 'F', '1989-08-04', 'Stoney Creek', 'ON', 'Valporic Acid', 163, 88),
(161, 'Marty', 'Carrington', 'M', '1950-03-25', 'Sarnia', 'ON', 'Feathers', 145, 68),
(162, 'Laura', 'Dee', 'F', '1949-05-03', 'Windsor', 'ON', NULL, 148, 64),
(163, 'Mona', 'Heterodyne', 'F', '1988-09-27', 'Hamilton', 'ON', NULL, 146, 48),
(164, 'Valentin', 'Mackey', 'M', '2004-06-20', 'Ottawa', 'ON', NULL, 181, 78),
(165, 'Emmett', 'Colbock', 'M', '1986-10-29', 'Hamilton', 'ON', NULL, 217, 89),
(166, 'Frank', 'Carrow', 'M', '2016-08-16', 'Hamilton', 'ON', 'ASA', 58, 15),
(167, 'Alex', 'Fox', 'F', '1951-11-07', 'Selkirk', 'ON', NULL, 170, 98),
(168, 'Nina', 'Peroni', 'F', '1964-03-18', 'Peterborough', 'ON', NULL, 151, 69),
(169, 'Temple', 'LoPresti', 'F', '1970-06-08', 'Hargersville', 'ON', NULL, 146, 45),
(170, 'Wanda', 'Redfield', 'F', '1989-04-12', 'Hamilton', 'ON', 'Eggs', 169, 111),
(171, 'Jack', 'Stewart', 'M', '2010-10-10', 'Brantford', 'ON', 'Topical Anaesthesia', 101, 35),
(172, 'Maria', 'Bluenight', 'F', '1989-09-24', 'Ancaster', 'ON', NULL, 147, 71),
(173, 'Sarah', 'Cooper', 'F', '1960-09-19', 'Athens', 'ON', NULL, 154, 63),
(174, 'Samus', 'Dalton', 'F', '1972-08-10', 'Hamilton', 'ON', NULL, 149, 50),
(175, 'Melody', 'Frye', 'F', '2006-07-07', 'Hamilton', 'ON', NULL, 132, 44),
(176, 'Brooke', 'Bowles', 'F', '1968-06-17', 'Toronto', 'ON', 'Bee Stings', 149, 102),
(177, 'Irene', 'Casswell', 'F', '2011-03-03', 'Burlington', 'ON', 'Codeine', 117, 25),
(178, 'David', 'Bustamonte', 'M', '2010-02-24', 'Carisle', 'ON', 'Peanuts', 103, 37),
(179, 'Phil', 'Uzuki', 'M', '1974-04-24', 'Saskatoon', 'SK', 'Penicillin', 187, 124),
(180, 'Michael', 'Henderson', 'M', '2007-01-23', 'Paris', 'ON', 'Penicillin', 131, 57),
(181, 'Nancy', 'Costello', 'F', '2000-04-13', 'Dundas', 'ON', 'Penicillin', 183, 93),
(182, 'Bernard', 'Karidian', 'M', '2006-11-07', 'Hamilton', 'ON', NULL, 168, 62),
(183, 'Doris', 'Kent', 'F', '1965-09-20', 'Toronto', 'ON', NULL, 161, 49),
(184, 'Hoshi', 'Johnson', 'F', '1978-03-27', 'Cambridge', 'ON', 'Penicillin', 179, 106),
(185, 'Didi', 'Del Lago', 'F', '1975-09-09', 'Hargersville', 'ON', 'ASA', 185, 94),
(186, 'Doyle', 'Starr', 'M', '1990-10-31', 'Burlington', 'ON', 'Wheat', 191, 121),
(187, 'Guido', 'Lonnegan', 'M', '1950-12-07', 'Hamilton', 'ON', 'ASA', 153, 79),
(188, 'Cary', 'Henderson', 'M', '1961-07-31', 'Hamilton', 'ON', 'Bee Stings', 167, 98),
(189, 'Joanna', 'Cooper', 'F', '1972-01-15', 'Toronto', 'ON', 'Codeine', 181, 107),
(190, 'Gwenog', 'Hughes', 'F', '1951-02-28', 'Burlington', 'ON', NULL, 162, 87),
(191, 'Freddy', 'Johnson', 'M', '1990-02-22', 'Cambridge', 'ON', 'Peanuts', 172, 118),
(192, 'Christine', 'Lynch', 'F', '1994-08-01', 'Brantford', 'ON', 'Sulphur', 181, 77),
(193, 'Magrat', 'Luca', 'F', '1985-04-14', 'Stoney Creek', 'ON', NULL, 134, 63),
(194, 'Manick', 'Fletcher', 'M', '1997-01-08', 'Ancaster', 'ON', 'Strawberries', 154, 66),
(195, 'Elizabeth', 'Rivers', 'F', '1950-11-23', 'Beamsville', 'ON', 'Penicillin', 134, 58),
(196, 'Elvis', 'Kennedy', 'M', '1952-03-01', 'Hamilton', 'ON', 'Hay Fever', 163, 80),
(197, 'Jack', 'Wesley', 'M', '1933-07-15', 'Hamilton', 'ON', NULL, 197, 106),
(198, 'Janice', 'Renault', 'F', '2004-12-10', 'Hamilton', 'ON', 'ASA', 177, 66),
(199, 'Lenny', 'Holmes', 'M', '1974-08-07', 'Hamilton', 'ON', NULL, 160, 86),
(200, 'Sally', 'Smith', 'F', '1951-03-18', 'Cambridge', 'ON', 'Penicillin', 163, 62),
(201, 'John', 'Pearle', 'M', '1968-12-15', 'Bancroft', 'ON', 'Valporic Acid', 200, 138),
(202, 'Naoto', 'Stewart', 'F', '1995-11-17', 'Sarnia', 'ON', 'Penicillin', 189, 93),
(203, 'Anita', 'Manu', 'F', '1963-07-16', 'Dunton', 'ON', NULL, 161, 110),
(204, 'Wilfred', 'Vincent', 'M', '1954-10-03', 'Burlington', 'ON', NULL, 200, 114),
(205, 'Maggie', 'Rajasthan', 'F', '1960-12-02', 'Hamilton', 'ON', NULL, 167, 54),
(206, 'Martin', 'Schultz', 'M', '2001-09-02', 'Brockville', 'ON', NULL, 214, 84),
(207, 'Matt', 'Celine', 'M', '1960-07-04', 'London', 'ON', NULL, 185, 115),
(208, 'Maleen', 'Bagshot', 'F', '1993-06-01', 'Toronto', 'ON', 'Peanut Butter', 135, 53),
(209, 'Winnie', 'Hale', 'F', '1994-04-19', 'Hamilton', 'ON', 'Penicillin', 159, 70),
(210, 'Subhash', 'Vercetti', 'M', '1974-03-04', 'Hamilton', 'ON', NULL, 152, 69),
(211, 'Carol', 'Wylie', 'F', '1981-08-04', 'Toronto', 'ON', 'Penicillin', 170, 100),
(212, 'Gala', 'Cackle', 'F', '1959-02-22', 'Hamilton', 'ON', NULL, 172, 93),
(213, 'Henry', 'Kennedy', 'M', '1990-07-12', 'Windsor', 'ON', 'Peanuts', 136, 59),
(214, 'Abi', 'Nesmith', 'F', '1961-04-09', 'Hamilton', 'ON', 'Penicillin', 146, 59),
(215, 'Corrado', 'McGrew', 'M', '1963-11-12', 'Fruitland', 'ON', 'Penicillin', 139, 79),
(216, 'Miles', 'Mace', 'M', '1991-06-15', 'Brantford', 'ON', NULL, 175, 56),
(217, 'Thomas', 'Duquesne', 'M', '1992-04-26', 'Pickering', 'ON', 'Sulpha', 158, 69),
(218, 'Megan', 'Fidelma', 'F', '1986-03-19', 'Burlington', 'ON', NULL, 157, 71),
(219, 'Jon', 'Guarnaccia', 'M', '1955-12-02', 'Burlington', 'ON', 'Morphine', 189, 123),
(220, 'Ben', 'Seldon', 'M', '1953-08-28', 'Hamilton', 'ON', 'Almonds', 143, 58),
(221, 'Barbara', 'Dresden', 'F', '2008-11-08', 'Brantford', 'ON', 'Codeine', 113, 41),
(222, 'Tom', 'Kowalski', 'M', '1990-11-27', 'Dunton', 'ON', 'Tape', 173, 75),
(223, 'Andy', 'Kammerer', 'M', '1992-02-20', 'Hamilton', 'ON', 'Penicillin', 153, 62),
(224, 'Michael', 'Jeter', 'M', '1997-07-24', 'Toronto', 'ON', NULL, 199, 107),
(225, 'Magnus', 'Ferrari', 'M', '1994-01-21', 'Ottawa', 'ON', NULL, 169, 99),
(226, 'Silvio', 'Nayagan', 'M', '1975-04-24', 'Barrie', 'ON', 'Penicillin', 206, 108),
(227, 'Ellen', 'Wylie', 'F', '1965-12-30', 'Hamilton', 'ON', NULL, 168, 77),
(228, 'Daniel', 'Nelson', 'M', '2000-11-06', 'Halifax', 'NS', 'Wheat', 150, 72),
(229, 'Leonard', 'Sacrimoni', 'M', '2012-02-22', 'Walnut Grove', 'AB', NULL, 91, 29),
(230, 'Jessie', 'Meedhan', 'F', '1990-12-13', 'Toronto', 'ON', NULL, 172, 73),
(231, 'Lester', 'Maximoff', 'M', '1972-07-24', 'Hamilton', 'ON', 'Penicillin', 162, 80),
(232, 'Maggie', 'Price', 'F', '1958-02-14', 'Hamilton', 'ON', 'Penicillin', 173, 47),
(233, 'Kay', 'Baldwin', 'F', '1951-12-25', 'Beamsville', 'ON', 'Codeine', 164, 64),
(234, 'Shion', 'Rivers', 'M', '2018-02-15', 'Toronto', 'ON', 'Penicillin', 38, 5),
(235, 'Robert', 'Brockman', 'M', '1984-05-05', 'Toronto', 'ON', NULL, 161, 91),
(236, 'Art', 'Fane', 'M', '2012-03-31', 'Toronto', 'ON', 'Penicillin', 88, 26),
(237, 'Margaret', 'MacNeil', 'F', '1980-04-20', 'Timmins', 'ON', NULL, 171, 114),
(238, 'Padma', 'Thomas', 'F', '2008-06-29', 'Brockville', 'ON', 'Tylenol', 132, 39),
(239, 'Mike', 'Johnson', 'M', '1993-03-07', 'Hamilton', 'ON', NULL, 158, 78),
(240, 'Thomas', 'Matthews', 'M', '1968-12-12', 'Highland', 'ON', 'Tetracycline', 216, 108),
(241, 'Belladonna', 'Thomas', 'F', '1965-01-03', 'Caledonia', 'ON', NULL, 143, 59),
(242, 'Fancy', 'Rush', 'F', '1965-02-19', 'Hamilton', 'ON', 'Penicillin', 156, 68),
(243, 'Willie', 'Dingle', 'M', '1955-01-31', 'Toronto', 'ON', 'ASA', 154, 84),
(244, 'Aniki', 'Leotardo', 'M', '1986-11-04', 'Misty', 'AB', 'Penicillin', 164, 72),
(245, 'Primo', 'Bushell', 'M', '1975-06-17', 'Hamilton', 'ON', NULL, 187, 101),
(246, 'Logan', 'Tao', 'M', '1958-03-31', 'Ancaster', 'ON', NULL, 209, 104),
(247, 'Pilar', 'Adler', 'F', '1983-07-25', 'Hamilton', 'ON', 'Walnuts', 181, 95),
(248, 'Sarah', 'Daniels', 'F', '1972-07-22', 'Hamilton', 'ON', NULL, 153, 60),
(249, 'Rita', 'Stephens', 'F', '2003-12-02', 'Hamilton', 'ON', NULL, 172, 57),
(250, 'Tania', 'McGrath', 'F', '1968-07-14', 'Toronto', 'ON', NULL, 166, 112),
(251, 'Joseph', 'Halifax', 'M', '2000-03-29', 'Hamilton', 'ON', 'Penicillin', 180, 103),
(252, 'Bruce', 'Brown', 'M', '2015-09-19', 'Paris', 'ON', 'Codeine', 74, 18),
(253, 'Angela', 'Loeb', 'F', '2014-04-14', 'Hamilton', 'ON', NULL, 75, 20),
(254, 'Emil', 'McCrary', 'M', '1965-04-04', 'Cambridge', 'ON', 'Sulfa Drugs', 149, 81),
(255, 'Dame', 'McCrary', 'F', '2007-06-23', 'Hamilton', 'ON', 'Peanuts', 135, 43),
(256, 'Billie', 'Lowell', 'F', '1960-06-04', 'Halifax', 'NS', NULL, 153, 100),
(257, 'Mitzy', 'Marquez', 'F', '2001-05-01', 'Hamilton', 'ON', 'Codeine', 195, 71),
(258, 'Pilar', 'Languish', 'F', '2000-08-02', 'Hamilton', 'ON', 'Codeine', 155, 49),
(259, 'Eloise', 'Evans', 'F', '2005-05-06', 'Dundas', 'ON', 'Hay Fever', 155, 62),
(260, 'Mona', 'Brocklehurst', 'F', '1964-11-12', 'Hamilton', 'ON', 'Codeine', 175, 112),
(261, 'Cordelia', 'Sugden', 'F', '1996-12-08', 'Brantford', 'ON', NULL, 163, 63),
(262, 'Samantha', 'Heterodyne', 'F', '1978-07-10', 'Toronto', 'ON', NULL, 154, 68),
(263, 'Jack', 'Valentine', 'M', '1954-10-06', 'Hamilton', 'ON', NULL, 208, 106),
(264, 'Dante', 'Fuhrey', 'M', '1986-08-31', 'Burlington', 'ON', 'Penicillin', 184, 104),
(265, 'Marvin', 'Dredd', 'M', '1973-04-29', 'London', 'ON', 'Sulfa', 199, 91),
(266, 'Amy', 'Peth', 'F', '1964-11-29', 'Whitby', 'ON', NULL, 171, 70),
(267, 'Bill', 'Capone', 'M', '2003-04-26', 'Milgrove', 'ON', NULL, 166, 82),
(268, 'Lora', 'Shannon', 'F', '1998-11-12', 'Ancaster', 'ON', 'Salicylic Acid', 163, 105),
(269, 'Lindsay', 'Anderson', 'F', '1963-04-07', 'Burlington', 'ON', 'Sulfa', 164, 73),
(270, 'Lily', 'Hinkley', 'F', '1984-08-31', 'Stoney Creek', 'ON', 'Sulfa', 181, 103),
(271, 'Hannah', 'MacLeod', 'F', '1982-09-12', 'Delhi', 'ON', NULL, 162, 100),
(272, 'Shirley', 'Cork', 'F', '2008-01-01', 'Hamilton', 'ON', 'Walnuts', 117, 44),
(273, 'Lora', 'McNulty', 'F', '1996-07-23', 'Hamilton', 'ON', 'Sulfa', 133, 73),
(274, 'Bruno', 'Kaiba', 'M', '1956-01-26', 'Hamilton', 'ON', 'Codeine', 177, 117),
(275, 'Roberta', 'Leone', 'F', '1982-06-03', 'Hamilton', 'ON', NULL, 157, 100),
(276, 'Anna', 'Arroway', 'F', '1993-02-16', 'Hamilton', 'ON', 'Penicillin', 184, 104),
(277, 'Vladimir', 'Hiatt', 'M', '1960-03-04', 'Fruitland', 'ON', 'Penicillin', 175, 105),
(278, 'John', 'Papandrao', 'M', '1989-08-03', 'Toronto', 'ON', 'Penicillin', 182, 108),
(279, 'Derek', 'Nappa', 'M', '1965-09-02', 'Walnut Grove', 'AB', 'Bee Stings', 163, 66),
(280, 'Sandy', 'Crane', 'F', '1990-05-17', 'North York', 'ON', 'Penicillin', 148, 72),
(281, 'Michael', 'ORourke', 'M', '1980-09-28', 'Burlington', 'ON', NULL, 177, 122),
(282, 'Alex', 'Riviera', 'M', '1997-04-20', 'Hamilton', 'ON', NULL, 189, 121),
(283, 'Richard', 'Bigelow', 'M', '1965-03-03', 'Burlington', 'ON', NULL, 197, 114),
(284, 'Annie', 'Smart', 'F', '1976-06-29', 'Vancouver', 'BC', NULL, 153, 60),
(285, 'Jack', 'Allgood', 'M', '2008-09-05', 'Hamilton', 'ON', NULL, 126, 53),
(286, 'John', 'Crockett', 'M', '1963-07-14', 'Athens', 'ON', NULL, 187, 140),
(287, 'Kima', 'Grissom', 'F', '1972-09-17', 'Simcoe', 'ON', 'Penicillin', 140, 53),
(288, 'Katya', 'Fowler', 'F', '2003-03-11', 'Burlington', 'ON', NULL, 161, 57),
(289, 'Roger', 'Sanders', 'M', '1965-10-25', 'Dundas', 'ON', 'Peanuts', 157, 70),
(290, 'Angela', 'Clearwater', 'F', '1960-04-30', 'Hamilton', 'ON', NULL, 177, 99),
(291, 'Naoko', 'Davenport', 'F', '1951-05-07', 'Hamilton', 'ON', NULL, 169, 105);




